,id,created_at,tweets,retweet_count,favorite_count,followers_count
0,1234469452495904768,2020-03-02 13:23:47,@harryhalpin @EthCC_ @nikitab Did I ever make any claims about layer 0 anonymity? I feel like it's pretty obvious m‚Ä¶ https://t.co/CQoqfAYB2j,0,8,891277
1,1234228745889669120,2020-03-01 21:27:18,RT @will_harborne: This weekend developers at @ETHLondonUK are getting the first taste of @deversifi's upgraded API powered by @StarkWareLt‚Ä¶,23,0,891277
2,1234215414004998144,2020-03-01 20:34:19,@lex_node @TimBeiko @OhGodAGirl @Consensys @ethereumJoseph @fubuloubu @nicksdjohnson @VladZamfir @iamDCinvestor‚Ä¶ https://t.co/wL0Hd31Ode,3,22,891277
3,1234212578219311104,2020-03-01 20:23:03,@lex_node @TimBeiko @OhGodAGirl @Consensys @ethereumJoseph @fubuloubu @nicksdjohnson @VladZamfir @iamDCinvestor‚Ä¶ https://t.co/0RDY04Dm7Z,1,7,891277
4,1234041768393527300,2020-03-01 09:04:19,@Sebowski @nicksdjohnson I don't think that was the intent. More that decentralization is great because Nick couldn‚Ä¶ https://t.co/tsMxeiPPwW,2,43,891277
5,1233866540715532289,2020-02-29 21:28:02,@ArthurB @ESYudkowsky You'd also need a social explanation for why none of the people who receive gifts from the fa‚Ä¶ https://t.co/ogzSm5QhKQ,0,15,891277
6,1233806805660250114,2020-02-29 17:30:40,"@BenDMahala eg. many voting schemes succumb to Duverger's Law https://t.co/gUwRahcqnH , but at least Duverger's law‚Ä¶ https://t.co/LqmfsV45a1",0,2,891277
7,1233806608888713217,2020-02-29 17:29:53,@BenDMahala Some mechanisms have these dynamics more than others; fork futures are unfortunately definitely on the high side.,0,1,891277
8,1233804737314775041,2020-02-29 17:22:27,"@lex_node @BenDMahala @angela_walch I don't expect fork futures markets to be a good idea. In general, they're a mu‚Ä¶ https://t.co/FFmcOghF6W",2,7,891277
9,1233803030140772358,2020-02-29 17:15:39,"@lex_node @angela_walch @nethermindeth I know my personal opinion is not socially scalable, but at least to me it s‚Ä¶ https://t.co/NiwMx5kwp1",1,8,891277
10,1233802999195193347,2020-02-29 17:15:32,@lex_node @angela_walch I think @nethermindeth forging ahead with beam sync is a good real-life example of genuine‚Ä¶ https://t.co/2Hmybg8Y4e,2,12,891277
11,1233791505443295237,2020-02-29 16:29:52,"@Sam_Gyamfi10 @angela_walch Yes, cryptocurrency and FOSS are both (i) more libertarian than average and (ii) more d‚Ä¶ https://t.co/LLC3x4JyMW",1,9,891277
12,1233790444494036992,2020-02-29 16:25:39,@bullofbtc @angela_walch Oh the BTC community is definitely on average more capitalist than the ETH community.,0,3,891277
13,1233790007212724224,2020-02-29 16:23:55,"@angela_walch Quite a few socialists in blockchain land and vice versa, but it does feel like *on average* there's‚Ä¶ https://t.co/74S87layvL",0,9,891277
14,1233789453283536896,2020-02-29 16:21:43,@angela_walch In my experience cryptocurrency/blockchain communities tend to be more capitalist than non-coin/chain FOSS communities.,7,57,891277
15,1233788372348436481,2020-02-29 16:17:25,@lex_node @angela_walch Some would even argue that with a certain client this has already happened...,2,16,891277
16,1233788324348932104,2020-02-29 16:17:13,@lex_node @angela_walch This is actually one reason why the multi-client approach is there. It creates an instituti‚Ä¶ https://t.co/1bgvDxbzY4,2,26,891277
17,1233787806478143488,2020-02-29 16:15:10,@lex_node @angela_walch &gt; the predominant factor in whether ProgPoW is adopted is simply whether the Geth team rele‚Ä¶ https://t.co/UmFBJ1tYdK,2,10,891277
18,1233691979902402562,2020-02-29 09:54:23,"@lex_node @angela_walch &gt; So now devs are essentially in complete control

Do you think the recent progpow situatio‚Ä¶ https://t.co/O2N0l8VQfS",2,20,891277
19,1233673193103200257,2020-02-29 08:39:44,@WayneVaughan @angela_walch @Consensys Yes on both counts.,0,1,891277
20,1233673087662641152,2020-02-29 08:39:19,@BitcoinErrorLog @angela_walch The ability to reliably win physical conflicts that last more than a short duration‚Ä¶ https://t.co/9BIKMxBrsI,0,2,891277
21,1233537500259418113,2020-02-28 23:40:32,@zndtoshi @angela_walch Bitcoin is a public good. Bitcoin cash is a public good. BSV is a public bad.,0,19,891277
22,1233537007630143489,2020-02-28 23:38:35,"@WayneVaughan @angela_walch @Consensys Eg. here's an example of the mindset I am arguing against.

https://t.co/lO2OeW95Gc",0,4,891277
23,1233536578431131649,2020-02-28 23:36:52,"@WayneVaughan @angela_walch @Consensys I didn't even advocate for that. There's a bit of conflation between ""public‚Ä¶ https://t.co/7SPNq6n52Q",0,4,891277
24,1233535788610203648,2020-02-28 23:33:44,@pierre_rochard @JasonCoombsCEO @angela_walch The world where things like that happen somewhat more often would be a better one!,0,9,891277
25,1233535612914892805,2020-02-28 23:33:02,"@angela_walch I prefer the more honest, mildly Zamfirian strategy: openly admit that publicness is a legitimate and‚Ä¶ https://t.co/V4PHBu872n",5,28,891277
26,1233534713786175491,2020-02-28 23:29:28,"@angela_walch I love the denials of any validity to the notion of publicness in the responses to this.

Ironically‚Ä¶ https://t.co/slzaYxH4b3",8,44,891277
27,1233408470075965441,2020-02-28 15:07:49,@JonahSPRKL I think using block.timestamp is reasonable!,1,12,891277
28,1233388796701532161,2020-02-28 13:49:39,RT @ElectricCoinCo: 1/3: ZIP 1014 is final. It establishes a #Zcash development fund to be spread across multiple teams and establishes a g‚Ä¶,25,0,891277
29,1233388328575283202,2020-02-28 13:47:47,"@angela_walch Seems a reasonable description to me!

(And many of those apply to ethereum too)",1,14,891277
30,1233336089923944448,2020-02-28 10:20:12,".@tylercowen on grants vs prizes and the growth of ""implicit prizes"": https://t.co/pAnuYMtSJJ

It's worth noting th‚Ä¶ https://t.co/mAnw1QyryF",26,118,891277
31,1233326577284415489,2020-02-28 09:42:24,@__bitdog__ @Timccopeland @RokoMijicUK It was a concrete prediction of (i) higher variance and (ii) negative skewness.,0,6,891277
32,1233313053657182208,2020-02-28 08:48:40,@RokoMijicUK I checked the crypto charts a few days ago and it felt like the rally was due for a continuation and i‚Ä¶ https://t.co/5RVpMLMkbC,8,49,891277
33,1233070862443610112,2020-02-27 16:46:17,"RT @loopringorg: We couldn't wait until March. Loopring Exchange is live üòÅ

zkRollup DEXes on Ethereum are here today.

https://t.co/1Hs5ZM‚Ä¶",113,0,891277
34,1233042113144770560,2020-02-27 14:52:03,@mattysino Someone else made it (though I am responsible for a few of the things it links to). I think I just accid‚Ä¶ https://t.co/PIxFel3glB,2,34,891277
35,1232887772685295617,2020-02-27 04:38:45,@pierre_rochard Nah that stuff is part of the 95%,2,49,891277
36,1232883830366695424,2020-02-27 04:23:05,@MarsT18318663 @DaddyCool1991 Malheureusement je n'ai pas √®tudi√© ces mots √† l'√©cole... üò•,2,6,891277
37,1232879623832104960,2020-02-27 04:06:22,RT @hudsonjameson: This amazing project is super under the radar and has major implications for the future of voting using Ethereum. https:‚Ä¶,18,0,891277
38,1232876392842350592,2020-02-27 03:53:32,"@DaddyCool1991 Is the S word even a swear when used in compounds with ""bull-"" or ""-coin""? I honestly don't know...",1,17,891277
39,1232870908282331138,2020-02-27 03:31:44,Also this gleeful watching of every disaster as a potential source of moon continues to be just creepy...,51,682,891277
40,1232870793534562304,2020-02-27 03:31:17,"Your daily reminder that 95%+ of articles of the form ""event X will make crypto go (up | down)"" are post-hoc ration‚Ä¶ https://t.co/fwsCq3XfWa",511,2566,891277
41,1232834500649840641,2020-02-27 01:07:04,@Samuel_DavidA @ATabarrok @iamharaldur What place outside USA and similar countries *has* high diversity then? Sing‚Ä¶ https://t.co/Tp40TZG8ff,0,9,891277
42,1232824977188999169,2020-02-27 00:29:13,"@ATabarrok @iamharaldur Singapore?

Less known as a tech hub specifically, though there is still plenty of that.",2,30,891277
43,1232764256711393280,2020-02-26 20:27:57,@FlaneurDuMonde @ATabarrok Long-term changes in social norms should not hinge on the details of a single epidemic i‚Ä¶ https://t.co/FtQqeB5zrA,0,4,891277
44,1232761569676627968,2020-02-26 20:17:16,"@oliverbeige I'll make sure to learn more about it than ""some guy named Achilles got struck by an arrow in the heel‚Ä¶ https://t.co/75L2vTZSvt",0,7,891277
45,1232759975786602496,2020-02-26 20:10:56,"@oliverbeige Can I answer ""I am understudied on 1000+ BC history and so have no effing clue""? üòÑ",0,4,891277
46,1232754623754067968,2020-02-26 19:49:40,@jon_choi_ Running is a great drug too. As is music. The best is of course running with music.,9,114,891277
47,1232736353651023872,2020-02-26 18:37:04,"RT @LauraDeming: In 2011, the major limiting constraint in longevity was capital. Today, it‚Äôs literally founders. People tell me they‚Äôre go‚Ä¶",30,0,891277
48,1232011335006707719,2020-02-24 18:36:06,@VladZamfir @protocollayer @koeppelmann It creates fear that there will be more issuance increases and possibly an‚Ä¶ https://t.co/5szQy3I8iO,4,17,891277
49,1232007000172552195,2020-02-24 18:18:53,@VladZamfir @protocollayer @koeppelmann To maintain credibility as a base asset?,0,9,891277
50,1231992216182116352,2020-02-24 17:20:08,"@JHancock @ililic @VladZamfir @koeppelmann In addition to carbonvotes, I'd support POAP votes and gitcoin quadratic votes.",1,20,891277
51,1231992046648344577,2020-02-24 17:19:27,@JHancock @ililic @VladZamfir @koeppelmann I would too!,0,6,891277
52,1231991869732605954,2020-02-24 17:18:45,@jemenger @JHancock @VladZamfir @koeppelmann I'm just thinking out loud here. Maybe ask a reasonable representative‚Ä¶ https://t.co/1xxbvCfxao,0,9,891277
53,1231991512277241856,2020-02-24 17:17:20,"@jemenger @JHancock @VladZamfir @koeppelmann I don't know! Coming up with some procedure for rejecting things, mayb‚Ä¶ https://t.co/SQNJSbHLlh",2,14,891277
54,1231984834530033666,2020-02-24 16:50:48,"RT @wachmc: Hi Ethereum. I am so happy to announce uniflash: a simple and decen. protocol for flash loan. Like @uniswap, all the fee goes t‚Ä¶",68,0,891277
55,1231983848520437766,2020-02-24 16:46:53,"@VladZamfir @koeppelmann @JHancock The 100% is outside the quotes, not inside :)",0,10,891277
56,1231983221602058245,2020-02-24 16:44:23,@oliverbeige @VladZamfir https://t.co/AMFdoNsZNC,2,13,891277
57,1231983036113145856,2020-02-24 16:43:39,@protocollayer @VladZamfir @koeppelmann Agree!,0,2,891277
58,1231982723511668738,2020-02-24 16:42:25,"@VladZamfir @koeppelmann @JHancock Yes but in your lingo I don't think those processes have 100% ""legitimacy"" in the community.",0,11,891277
59,1231982315657547779,2020-02-24 16:40:47,@VladZamfir @koeppelmann @JHancock We had this prob w EIP 999 before. Ethereum governance has the problem that it d‚Ä¶ https://t.co/jvRpfIaHkM,3,29,891277
60,1231981555318308864,2020-02-24 16:37:46,@VladZamfir @koeppelmann I don't think it's @JHancock's fault; he even talked to me before proposing and I told him‚Ä¶ https://t.co/m42XtBENQO,3,51,891277
61,1231980850956259339,2020-02-24 16:34:58,@VladZamfir @koeppelmann Then my reasoning says you have the affirmative duty to propose specific alternative norms :),0,15,891277
62,1231980558634254336,2020-02-24 16:33:48,"@VladZamfir @koeppelmann It went from ""phew, this thing is gone and has not been talked about for quite a while"" to‚Ä¶ https://t.co/HaRsvVlOuY",8,113,891277
63,1231979434216869888,2020-02-24 16:29:20,"@protocollayer @VladZamfir @koeppelmann We can have norms that issuance can change, but changes in the upward direc‚Ä¶ https://t.co/iSx18jwmVE",1,7,891277
64,1231979236920979456,2020-02-24 16:28:33,"@VladZamfir @koeppelmann Also, @VladZamfir your seeming unwillingness to accept the legitimacy of *any* Schelling f‚Ä¶ https://t.co/xTYwGPG37f",2,45,891277
65,1231978839523225601,2020-02-24 16:26:59,@VladZamfir @koeppelmann BTW the way progpow was ninja-reapproved definitely did *not* help make people trust the g‚Ä¶ https://t.co/vborbU4mOy,32,185,891277
66,1231977662739959812,2020-02-24 16:22:18,@VladZamfir @koeppelmann Because if we don't erect psycho-sociological walls in the form of norms saying where we c‚Ä¶ https://t.co/ZEhXks9ajR,2,51,891277
67,1231752442636730370,2020-02-24 01:27:21,"@ChrisLundkvist To be fair, no one can primality-test 2048 bit numbers in their head!",0,13,891277
68,1231750986386948096,2020-02-24 01:21:34,@oliverbeige @wwwojtekk https://t.co/UvCU3FVWIA ?,0,5,891277
69,1231665965609316352,2020-02-23 19:43:44,"@robertwiblin Do you mean:

criticized_good_people &gt; criticized_bad_people

Or:

criticized_good_people / good_peop‚Ä¶ https://t.co/TMnnaVkbKH",1,12,891277
70,1231664032697831425,2020-02-23 19:36:03,@robertwiblin In relative or absolute terms?,0,4,891277
71,1231651858055233537,2020-02-23 18:47:40,"@ATabarrok His argument was heavy on appeal-to-intuition so this is only a guess, but I think a greater focus on so‚Ä¶ https://t.co/54fNafRej0",0,10,891277
72,1231644661250322433,2020-02-23 18:19:04,@sunnya97 Nope!,0,25,891277
73,1231642979925970944,2020-02-23 18:12:23,@ATabarrok Need to decouple wealth as social power from wealth as ability to get things you like. I feel like peopl‚Ä¶ https://t.co/MrPwF1O6ZX,1,23,891277
74,1231630222744674305,2020-02-23 17:21:42,@patrissimo https://t.co/bP9J9hP5tu,0,18,891277
75,1231445808920186880,2020-02-23 05:08:54,"@danfinlay Also, the debate should not be against nirvana, it should be against the status quo, which is horrible a‚Ä¶ https://t.co/xhZBXWybgN",0,13,891277
76,1231445158433935360,2020-02-23 05:06:19,"@danfinlay In exceptional cases, sure, the escalator can give better performance. But EIP 1559 is all about making‚Ä¶ https://t.co/4b8rQbVWAi",0,35,891277
77,1231260754679984129,2020-02-22 16:53:34,RT @avsa: It‚Äôs 2020 and the state of AI is pretty much the opposite of what every single sci-fi trope predicted: robots can compose a symph‚Ä¶,181,0,891277
78,1231039851178295296,2020-02-22 02:15:46,"RT @gitcoin: Grants CLR Match Round 5 is ~ 23 days away.

Follow the countdown timer at https://t.co/qMZx2BCBOW https://t.co/uFUASPkKOh",6,0,891277
79,1231008195893579776,2020-02-22 00:09:59,"@VladZamfir Oh shut up with those sociopathic immutability norms.

Birthdays are a social convention, we can and sh‚Ä¶ https://t.co/aenHLroXmT",1,24,891277
80,1231006135068418048,2020-02-22 00:01:48,@antiprosynth @Arturo_P_A @RyanSAdams @evan_van_ness @econoar I'm pro-interoperability. But interoperability can be‚Ä¶ https://t.co/NOXBu5EUfm,10,58,891277
81,1231005238645022721,2020-02-21 23:58:14,"@VladZamfir I got one hope the birthday proceeds as scheduled!

Look forward to London üôÇ",5,42,891277
82,1230608081203019776,2020-02-20 21:40:04,RT @bascule: This is like arguing that RSA wouldn‚Äôt take money from the NSA to put backdoors in their products because it might damage thei‚Ä¶,17,0,891277
83,1230339379081572352,2020-02-20 03:52:21,"At #SBC20, a belated but mandatory selfie with Justin, a true blockchain innovator and pioneer. https://t.co/sOFJlYiTdl",60,802,891277
84,1230195912615448576,2020-02-19 18:22:16,@oliverbeige Yes this is basically the entire reason (eg. as elaborated in https://t.co/cezOk1ilHy and other places‚Ä¶ https://t.co/hCgGutefOM,0,8,891277
85,1230192320705753089,2020-02-19 18:07:59,@oliverbeige Homo economicus would be less influenced by influencers but more willing to sell their vote. If far aw‚Ä¶ https://t.co/KNoBqkdL34,2,6,891277
86,1230191407236706304,2020-02-19 18:04:21,"@oliverbeige (by efficiency I just mean ability to achieve Bloomberg's goals, not anything to do with social welfare)",0,2,891277
87,1230190841542524928,2020-02-19 18:02:07,"@oliverbeige The closer voters are to homo economicus, the lower the efficiency of the former technique but the hig‚Ä¶ https://t.co/zyS0moABGw",0,4,891277
88,1230182418394386434,2020-02-19 17:28:38,"RT @SteDziembowski: Our paper on #Plasma is out.  We prove an inherent separation between Plasma Cash and Fungible Plasmas, by showing that‚Ä¶",17,0,891277
89,1230160619749269506,2020-02-19 16:02:01,"RT @Ethereum_France: Nous avons le plaisir de voir revenir @VitalikButerin √† Paris pour les conf√©rences EthCC ! 
C‚Äôest dans deux semaines ‚Ä¶‚Ä¶",46,0,891277
90,1230129938402967552,2020-02-19 14:00:06,"RT @BrantlyMillegan: Thinking about my friend @virgilgr (who isn't allowed online), discovered this really deep and meaningful #IPFS conten‚Ä¶",19,0,891277
91,1230126909561794562,2020-02-19 13:48:04,@mhass33 @patrissimo No I am advocating for setting up *more* general-purpose economic incentive structures for peo‚Ä¶ https://t.co/bi2zASx6iO,0,16,891277
92,1230000937764179970,2020-02-19 05:27:30,@mhass33 @patrissimo The problem with the token-based models in your post is that they are still ultimately predica‚Ä¶ https://t.co/tuNmHFsstk,0,4,891277
93,1230000561354760192,2020-02-19 05:26:00,"@mhass33 @patrissimo ""they need to capture the value"" is a property of the current economic system. I'm critiquing‚Ä¶ https://t.co/x6Qfwzh1Ud",2,16,891277
94,1229933836420538368,2020-02-19 01:00:52,"@koaleszenz I would alter ""sell"" from the default ""sell the patent"" to ""sell an unlimited license"". Would remove th‚Ä¶ https://t.co/qVexI5YKR7",1,13,891277
95,1229932315725295616,2020-02-19 00:54:49,"@StopAndDecrypt @gladstein @ofnumbers @kevinsekniqi Alex called Ava a ""shitcoin"". This is clearly a question of legitimacy.",0,7,891277
96,1229908044714086401,2020-02-18 23:18:23,@gladstein @ofnumbers @kevinsekniqi FWIW I think it's very fair to treat ava and bitcoin as having similar levels o‚Ä¶ https://t.co/SOeCCxB0UE,6,57,891277
97,1229888976212779009,2020-02-18 22:02:36,@patrissimo Capitalism predicated on capturing network effects has bad incentives. Becoming the center of the conne‚Ä¶ https://t.co/hoA8DPKxGe,2,41,891277
98,1229832694713896960,2020-02-18 18:18:58,"RT @fubuloubu: @VitalikButerin Unix philosophy, but on Ethereum",9,0,891277
99,1229832623507165184,2020-02-18 18:18:41,RT @M0zrat: @VitalikButerin Teams tried to make ecosystems because it was clearly the best way to get funding ‚Äî if we improve public goods‚Ä¶,7,0,891277
100,1229820757040984065,2020-02-18 17:31:32,"@el33th4xor The culprit is specifically using instantaneous prices in an index, and not moving average prices.",7,71,891277
101,1229820208899997696,2020-02-18 17:29:21,@Oscar_R_K https://t.co/pohN5559jX,1,2,891277
102,1229819782230241280,2020-02-18 17:27:39,"Things like tornado cash and uniswap, kyber and the like are successful in part because they are just tools that pe‚Ä¶ https://t.co/BuDSIK5YFe",275,1697,891277
103,1229811022485000192,2020-02-18 16:52:51,The planned uniswap v2 price oracle design is resistant to the recent flash loan attacks. https://t.co/Qd7Z3Vqgk9,127,648,891277
104,1229796502853189632,2020-02-18 15:55:09,@timoncc @DangisLT @irhilly @PeterRizun This is my own take on why users running nodes that are guaranteed to rejec‚Ä¶ https://t.co/Gyw4OrcneG,0,0,891277
105,1229795793600573442,2020-02-18 15:52:20,"@timoncc @DangisLT @irhilly @PeterRizun If the other 99% of users switch to a chain you don't like, you still have‚Ä¶ https://t.co/cRGtly12hU",0,5,891277
106,1229795421620293632,2020-02-18 15:50:51,@timoncc @irhilly @DangisLT @PeterRizun https://t.co/epDAPADvFn,0,0,891277
107,1229792365851754498,2020-02-18 15:38:43,@timoncc @DangisLT @irhilly @PeterRizun Users are not in control if there is a social contract that users are not i‚Ä¶ https://t.co/jlMMuJzeT7,0,3,891277
108,1229791934979305473,2020-02-18 15:37:00,"@SCBuergel @bzxHQ @synthetix_io Is this the same technique, manipulating the price in on-chain DEXes that gets used‚Ä¶ https://t.co/sxCE7n9l1R",0,3,891277
109,1229791626400133125,2020-02-18 15:35:46,@SCBuergel @UniswapExchange version 2 is adding a price oracle that uses a moving average instead of the instantane‚Ä¶ https://t.co/okOmadk7Xx,1,8,891277
110,1229618194576375808,2020-02-18 04:06:37,RT @0xstark: 1. One of Ethereum‚Äôs under-appreciated advantages is a proven ability to recruit new talent and withstand generational turnove‚Ä¶,55,0,891277
111,1229526540557250565,2020-02-17 22:02:25,RT @hudsonjameson: Leaving Denver. @sustainweb3 and @EthereumDenver were a blast! Thanks to all the organizers.,10,0,891277
112,1229224074431299584,2020-02-17 02:00:31,RT @avsa: A group just demoed a door that unlocks automatically based on an ethereum transaction. Another has a robot you can rent with eth‚Ä¶,53,0,891277
113,1229217523406721026,2020-02-17 01:34:29,The crypto space as a whole is a goldmine for social scientists of all kinds to explore. https://t.co/inhwlUqu06,128,718,891277
114,1229199145422008322,2020-02-17 00:21:28,"RT @CelerNetwork: Celer Network's mainnet upgrade, Lyra, launches on Ethereum!üöÄüöÄüöÄ We have open-sourced the world's first multi-hop-networke‚Ä¶",89,0,891277
115,1229193281042571266,2020-02-16 23:58:10,@hfa_jet @robertwiblin @HowieLempel 8 years is a long long time.,0,9,891277
116,1229128935079841792,2020-02-16 19:42:28,@robertwiblin @HowieLempel When I was in school I was taught that hand sanitizer is short term good but long term i‚Ä¶ https://t.co/GWNyVnEL4R,0,8,891277
117,1229113137292599297,2020-02-16 18:39:42,"@irhilly @DangisLT @timoncc @PeterRizun 1. Tragedy of the commons.
2. Miners should not be ultimately in control an‚Ä¶ https://t.co/q50FjxPZOy",2,22,891277
118,1229093264176840706,2020-02-16 17:20:44,@DangisLT @timoncc @PeterRizun I agree the central authority sucks! Hence my proposal for coinvote as a marginally‚Ä¶ https://t.co/3OOshouHcr,0,11,891277
119,1229087723434266625,2020-02-16 16:58:43,RT @mhluongo: Congratulations to the entire Zcash community! üéâ $ZEC https://t.co/CCwU9xFdci,7,0,891277
120,1229086291012268035,2020-02-16 16:53:01,"@timoncc @PeterRizun The upgrade doesn't give more free money, it redirects 5% of the existing free money given to‚Ä¶ https://t.co/DCsv2Nmv1C",0,9,891277
121,1229084594902896642,2020-02-16 16:46:17,@VladZamfir @TetraspaceAdmn Oh I'm sure you have things to say about the election that would be valuable for me to‚Ä¶ https://t.co/8RZHYhcgXx,2,10,891277
122,1229069082282078208,2020-02-16 15:44:38,"@VladZamfir @TetraspaceAdmn Oh I don't care about extracting ""information"". I care about extracting this other thin‚Ä¶ https://t.co/BtHXJKXQSM",2,16,891277
123,1229066669282058240,2020-02-16 15:35:03,"@VladZamfir @TetraspaceAdmn Notice that I did not use the word probability above! And also it's a gift, not a bet o‚Ä¶ https://t.co/K8zbnegZwP",0,7,891277
124,1229066440596082689,2020-02-16 15:34:09,"@VladZamfir @TetraspaceAdmn Rank the following 100 conditional gifts in order of preference:

* You get $100 if the‚Ä¶ https://t.co/uIl9k2qyCv",1,8,891277
125,1228909105588379648,2020-02-16 05:08:57,@PeterRizun My simplest proposal for getting credible neutrality back would be having a coin vote determine the whi‚Ä¶ https://t.co/Bo03sovPXa,2,55,891277
126,1228844835362267139,2020-02-16 00:53:34,"@VladZamfir @Gary_Bernstein ""It's illegitimate to talk about probabilities of a single non-repeated event taking pl‚Ä¶ https://t.co/3ELl8UIeAi",1,15,891277
127,1228813830899236865,2020-02-15 22:50:22,@embeddedfinance @VladZamfir @loovthejungle I'll bet at 1:1 odds that he does not dispute the characterization of b‚Ä¶ https://t.co/Aq3ufNy8OB,1,2,891277
128,1228813450115244039,2020-02-15 22:48:51,"@VladZamfir @loovthejungle Basically, quantified info has higher social scalability.",0,6,891277
129,1228813185681166336,2020-02-15 22:47:48,@VladZamfir @loovthejungle It feels like you're anti-quantification on a more fundamental level. People who are pro‚Ä¶ https://t.co/m4yZbrDomd,0,16,891277
130,1228812879081693185,2020-02-15 22:46:35,"@loovthejungle @VladZamfir What about bets just going on a public scoreboard and being denominated in ""credibility points""?",0,1,891277
131,1228812292722176000,2020-02-15 22:44:15,@VladZamfir https://t.co/p3Xp6XJ3ro,1,6,891277
132,1228812158424797184,2020-02-15 22:43:43,@VladZamfir @loovthejungle Predictions are a key type of information which is easy to police for correctness. So fo‚Ä¶ https://t.co/GytgxXx4yQ,0,5,891277
133,1228811733856378882,2020-02-15 22:42:02,"@VladZamfir The whole point of this ""bet on it"" philosophy is that argumentation is a medium does not necessarily f‚Ä¶ https://t.co/XFhkHY7qG5",2,46,891277
134,1228808473183424512,2020-02-15 22:29:04,@VladZamfir What do you propose as an alternative to putting your money where your mouth is?,1,36,891277
135,1228807827868831745,2020-02-15 22:26:30,"RT @spencernoon: Breathtaking visualization of today‚Äôs @bzxHQ attack courtesy of @bneiluj 

The crazy part: 

This all happened in a single‚Ä¶",86,0,891277
136,1228775785881853953,2020-02-15 20:19:11,"@oliverbeige @hfa_jet Token is the guy who wrote Lord of the Rings, right?",3,72,891277
137,1228691772466921475,2020-02-15 14:45:21,"@oliverbeige If decisions are allocated by auction, decisions that are on net socially harmful but benefit the plut‚Ä¶ https://t.co/wZ0JGZuTQx",2,5,891277
138,1228689688271167488,2020-02-15 14:37:04,"@oliverbeige Influence on governance is a public good/bad, and so if it were allocated by auction, concentrated int‚Ä¶ https://t.co/PDs9a2boad",0,13,891277
139,1228686521424896000,2020-02-15 14:24:29,"@dankrad @FightFightFight @zooko More to the point, the overpaid *development company* just hires more developers.‚Ä¶ https://t.co/G8y82EUayw",0,5,891277
140,1228527779127480320,2020-02-15 03:53:42,"RT @calchulus: So nobody's gonna mention that Metamask crossed the million user threshold? Real adoption is already here...
@VitalikButerin‚Ä¶",106,0,891277
141,1228501625133772800,2020-02-15 02:09:46,"RT @dannyryan: Seriously, hack on #eth2 at @EthereumDenver. Help build the future of #ethereum!

 https://t.co/zknl6jc7Sv 

Lots of eth2 re‚Ä¶",32,0,891277
142,1228496932022124545,2020-02-15 01:51:07,@FightFightFight @zooko Why is it bad for devs to be overpaid but not bad for miners to be overpaid? I think the tw‚Ä¶ https://t.co/MZcC7afLjs,4,43,891277
143,1228488171584925697,2020-02-15 01:16:18,This was fun! https://t.co/B4NW045Wuj,56,461,891277
144,1228420108575526912,2020-02-14 20:45:51,@joonian @jeffjohnroberts @EthereumDenver He does.,0,79,891277
145,1228418773612363778,2020-02-14 20:40:33,@mnolangray Having things within half a kilometer of home worth walking to is such a simple nudge toward healthier‚Ä¶ https://t.co/N3jwmWsOGF,0,8,891277
146,1228418282161655809,2020-02-14 20:38:36,RT @jeffjohnroberts: I‚Äôll be interviewing @VitalikButerin for the Saturday keynote at @EthereumDenver. What should I ask him? https://t.co/‚Ä¶,19,0,891277
147,1228418218756366336,2020-02-14 20:38:20,@mnolangray What's the usual rationale against allowing even restaurants and convenience stores in the middle of th‚Ä¶ https://t.co/irRriGCKwY,0,20,891277
148,1228345005963644929,2020-02-14 15:47:25,RT @VitalikButerin: @zooko A cryptographic algorithm that is so complex and/or poorly explained that only a few people understand it is jus‚Ä¶,39,0,891277
149,1228344991455555584,2020-02-14 15:47:22,@zooko A cryptographic algorithm that is so complex and/or poorly explained that only a few people understand it is‚Ä¶ https://t.co/rVUYUWpV4U,39,255,891277
150,1228344822764916737,2020-02-14 15:46:41,RT @zooko: I ‚ô•Ô∏è how much effort StarkWare puts in to teaching people the math behind STARKs. (Disclosure: ECC invested in StarkWare.) https‚Ä¶,15,0,891277
151,1228184342288928768,2020-02-14 05:09:00,"RT @jarradhope: So many amazing people have believed in Status and have worked tirelessly to create not just a private, secure, p2p messeng‚Ä¶",73,0,891277
152,1228174978140401666,2020-02-14 04:31:47,"@nikitab It's confusing to me that people use ""The War of 1812"" to refer to that tiny sideshow in North America.",0,18,891277
153,1228122901133615106,2020-02-14 01:04:51,RT @weijie_eth: Is anyone attending @EthereumDenver interested to build on Minimal Anti-Collusion Infrastructure (MACI)? If you have a cool‚Ä¶,20,0,891277
154,1228101447696277504,2020-02-13 23:39:36,@owocki I think we can be much more ambitious than that!,5,48,891277
155,1228100742948352002,2020-02-13 23:36:48,"@EliBenSasson @wjmzbmr1 If so, would that count?",0,0,891277
156,1228100699499585538,2020-02-13 23:36:38,@EliBenSasson @wjmzbmr1 Are there approximations to TSP that take N^4 or a higher polynomial that give better resul‚Ä¶ https://t.co/u1u4TnZnkx,0,4,891277
157,1227968223162667009,2020-02-13 14:50:13,@JoshuaTobkin @angela_walch @Voatz @juin_cc @KimiWu15 @audreyt Look forward to it!,0,5,891277
158,1227967908988346368,2020-02-13 14:48:58,RT @VitalikButerin: @EliBenSasson It definitely seems weird to me that someone hasn't come up with an FFT-like O(N^2*polylog(N)) algorithm‚Ä¶,16,0,891277
159,1227967864377757698,2020-02-13 14:48:48,"@EliBenSasson @zooko &lt;4 or &lt;=4?

&lt;4 seems aggressive given the high complexity of deterministic primality tests eve‚Ä¶ https://t.co/QJq8E6siak",0,7,891277
160,1227966745555554304,2020-02-13 14:44:21,@EliBenSasson It definitely seems weird to me that someone hasn't come up with an FFT-like O(N^2*polylog(N)) algori‚Ä¶ https://t.co/wIDRt12MjW,16,58,891277
161,1227956607939596293,2020-02-13 14:04:04,@natanielruizg @angela_walch @Voatz But social media corps in general have plenty of money! Maybe they are not will‚Ä¶ https://t.co/arjSOkEDhl,0,3,891277
162,1227954070985441287,2020-02-13 13:53:59,@angela_walch @Voatz Why does anyone think that federal elections are remotely the right place to start for this ki‚Ä¶ https://t.co/qnDQD2Uozj,14,95,891277
163,1227946643019821059,2020-02-13 13:24:28,"@CarlBeek And here's the third ghost in the trench coat, that has safety and liveness but not asynchrony :)

https://t.co/SVQfIKYu4B",3,18,891277
164,1227945036064550912,2020-02-13 13:18:05,@bytemaster7 @glenweyl @Boscore_BOS @krowndac @SHERM8N @BrendanBlumer Presumably if people start trying to funge it‚Ä¶ https://t.co/IzpBoBGNp4,1,10,891277
165,1227654339717672961,2020-02-12 18:02:57,"RT @zooko: Vitalik, Karl, and some of the crew at ECC headquarters, scaling some blockchains. üòÅ https://t.co/ZskHwduQvw",69,0,891277
166,1227328243327520768,2020-02-11 20:27:10,"RT @owocki: ""If Gitcoin Grants does continue operating regularly, &amp; attracts/expands its pool of donations, we could be very close to seein‚Ä¶",24,0,891277
167,1227215751049883648,2020-02-11 13:00:10,@liangzhang2006 @ArthurB Ding ding ding you got the joke üòä,0,18,891277
168,1227215530043609090,2020-02-11 12:59:17,@ArthurB I did want one that equals 2 :),1,5,891277
169,1227023203261964289,2020-02-11 00:15:03,@patrissimo @backus The long-run equilibrium of this sort of thing seems like a move to per-use pricing and away fr‚Ä¶ https://t.co/kEgneK0j4n,2,74,891277
170,1227014262436044806,2020-02-10 23:39:31,@ArthurB Can you come up with an expression like that that uses only even powers? I need it for a new proof that ma‚Ä¶ https://t.co/X9gO8HeJ0p,2,57,891277
171,1227002395646885888,2020-02-10 22:52:22,@ArthurB @SteveFosterLich The parent put 244 instead of 224...,1,7,891277
172,1226889811979534336,2020-02-10 15:25:00,"RT @trent_vanepps: I just published an article on Eth2 misconceptions

Hoping this can be a resource for casual observers returning to the‚Ä¶",104,0,891277
173,1226889695378001920,2020-02-10 15:24:32,"@nethermindeth If you wanted to, you could start randomly deleting state nodes when the number stored hit N GB, and‚Ä¶ https://t.co/qff6Lphdhy",0,7,891277
174,1226889100881469442,2020-02-10 15:22:10,"@nethermindeth Got it. Still, I'm impressed by the consistency!",0,13,891277
175,1226887716413100033,2020-02-10 15:16:40,@nethermindeth Why is it delayed a consistent 5-10 blocks usually? Is it because state provider nodes don't expose‚Ä¶ https://t.co/12nsu4uFiR,1,3,891277
176,1226887477820039168,2020-02-10 15:15:43,"RT @nethermindeth: You can now cheer for our mainnet beam sync node at 
https://t.co/qmZDKYgAy8

It is not doing well yet but it runs at 6G‚Ä¶",10,0,891277
177,1226587218447347712,2020-02-09 19:22:36,@Foobazzler You should never feel the need to apologize just for holding a different opinion. Especially one that a‚Ä¶ https://t.co/HsW8C3SDv5,12,336,891277
178,1226579818558492673,2020-02-09 18:53:12,"@nickdijkstra @UniswapExchange I know, I bought one!",0,7,891277
179,1226551836565475328,2020-02-09 17:02:00,"@zooko MoE is a short-term SoV, and on sub-year time scales most fiat currencies (certainly more than cryptos) are quite stable enough!",3,24,891277
180,1226548055048171520,2020-02-09 16:46:59,"@zooko Actually quite an overrated argument imo. ""Naked"" USD is not meant as a savings vehicle and even gov bankers‚Ä¶ https://t.co/FxCsfNn51x",0,27,891277
181,1226311020093853696,2020-02-09 01:05:05,@udiWertheimer @jemenger @justinsuntron @notgrubles @AlexSaundersAU @Excellion Also as said before the matching fun‚Ä¶ https://t.co/xoFq5KLT8o,0,9,891277
182,1226310831740248065,2020-02-09 01:04:20,"@udiWertheimer @jemenger @justinsuntron @notgrubles @AlexSaundersAU @Excellion Depends what you mean by ""making""! T‚Ä¶ https://t.co/V1CoYNcgVE",0,17,891277
183,1226294006277189632,2020-02-08 23:57:29,@udiWertheimer @jemenger @justinsuntron @notgrubles @AlexSaundersAU @Excellion So https://t.co/9LBfBHoEWD also counts as shilling then?,1,42,891277
184,1226293506366410753,2020-02-08 23:55:30,"@yougetaquote @GeniesLoki The human condition used to include: polio, cholera, 50% child mortality rates, habitual‚Ä¶ https://t.co/ZraCdCkQL7",0,8,891277
185,1226290972826439681,2020-02-08 23:45:25,@udiWertheimer @jemenger @justinsuntron @notgrubles @AlexSaundersAU @Excellion The real reason $75k is a bullshit n‚Ä¶ https://t.co/cFlKfMIsu3,11,98,891277
186,1226288660749877253,2020-02-08 23:36:14,"RT @GeniesLoki: The issue I most side with rationalist/transhumanist types on is that it's incredibly weird that ""death is bad"" is a contro‚Ä¶",43,0,891277
187,1226246501594169346,2020-02-08 20:48:43,@tarpara @harrycanuck @rohangrey @TheStalwart @the_matter_labs BTW I am not at all opposed to efforts at government‚Ä¶ https://t.co/xo8O2LtoiF,2,13,891277
188,1226246319305625600,2020-02-08 20:47:59,@tarpara @harrycanuck @rohangrey @TheStalwart @the_matter_labs Here's a map of one sample of ethereum users. Which‚Ä¶ https://t.co/oUBwnaCDWM,11,49,891277
189,1226208696323264513,2020-02-08 18:18:29,"@jamiequint @buchmanster @paulg @interfluidity For it to fit an N^2 curve, the per-user value would need to be N, w‚Ä¶ https://t.co/gU0ZaouohQ",0,8,891277
190,1226197804827148289,2020-02-08 17:35:12,@robinhanson Do you happen to have estimates for marginal cost of saving a life over time? (That's the number that'‚Ä¶ https://t.co/OotcWz1DTE,3,15,891277
191,1226196969519042561,2020-02-08 17:31:53,"@buchmanster @paulg @interfluidity ... but market cap seems to actually follow N^2:

https://t.co/LVhHpLxQm8",1,10,891277
192,1226196904712843264,2020-02-08 17:31:38,"@buchmanster @paulg @interfluidity One tiny point of data for this: for social use value, O(N^2) Metcalfe's law is‚Ä¶ https://t.co/pYRpfp65pE",1,12,891277
193,1226196316793065473,2020-02-08 17:29:18,@buchmanster @paulg @interfluidity suggested before that it's possibly a stylized fact that economies of scale in r‚Ä¶ https://t.co/BFMkEy4mW8,1,59,891277
194,1226191893970784257,2020-02-08 17:11:43,"@mgoldm @SachaBaronCohen How is it deflecting? It's a direct criticism of his proposed remedy (""regulated by governments"")",0,44,891277
195,1226162511843557376,2020-02-08 15:14:58,"@Garland_Key @iDecentralized @sassal0x https://t.co/qblLssdY8G
https://t.co/Eu3IYjiRe0
https://t.co/5IsPtvTCRf‚Ä¶ https://t.co/hkDYvbOeG0",4,40,891277
196,1226143843218862080,2020-02-08 14:00:47,"@SachaBaronCohen &gt;=50% of the world's population live in governments that are dangerously close to being ""controlled by 1 person"".",34,695,891277
197,1226142578246082562,2020-02-08 13:55:45,"@sjrfda @SarahJamieLewis If you have three entities A, B and C, then which you call cats and which you call dogs do‚Ä¶ https://t.co/OubUX2PYdj",0,8,891277
198,1225926270766194689,2020-02-07 23:36:14,@rohangrey @CryptoLawRev @harrycanuck @TheStalwart @the_matter_labs @iamtexture I'm asking specifically about imple‚Ä¶ https://t.co/SLJ22hjIDB,0,2,891277
199,1225925163746758656,2020-02-07 23:31:50,"@rohangrey @CryptoLawRev @harrycanuck @TheStalwart @the_matter_labs @iamtexture Also, how much of your argument wou‚Ä¶ https://t.co/PCI2gsagoN",0,2,891277
